category,text
Technology,"Artificial intelligence and machine learning algorithms are transforming modern cloud computing platforms. Deep neural networks, natural language processing models, and computer vision architectures are deployed across distributed GPU clusters. Modern software engineering embraces container orchestration with Kubernetes, continuous integration, microservices architectures, and serverless computing to ensure high availability and low latency."
Technology,"Cybersecurity and zero-trust network architectures protect critical software infrastructure from ransomware, distributed denial of service attacks, and advanced persistent threats. Cryptographic protocols such as public-key encryption, quantum-resistant algorithms, and hardware security modules defend enterprise databases. Security operations teams implement automated vulnerability scanning, patch management, and intrusion detection systems."
Technology,"Modern web application development leverages reactive frameworks, asynchronous networking protocols, and WebAssembly execution pipelines. Frontend developers utilize component-based design systems, responsive cascading stylesheets, and client-side caching to optimize Time to Interactive metrics. Backend microservices handle API gateway routing, database query optimization, and real-time WebSocket communication."
Technology,"Quantum computing harnesses quantum mechanics phenomena such as superposition and entanglement to solve computational problems intractable for classical supercomputers. Qubit coherence times, quantum gate fidelity, and error correction codes remain primary research frontiers. Key applications include post-quantum cryptography, molecular simulation, and complex combinatorial optimization algorithms."
Technology,"DevOps and site reliability engineering practices rely on automated infrastructure as code tooling such as Terraform and Ansible. Observability pipelines ingest distributed traces, metrics, and structured log events to diagnose latency anomalies and memory leaks. Continuous deployment pipelines run automated regression test suites, container image security scans, and progressive canary rollouts."
Technology,"Robotics and autonomous systems integrate multi-sensor fusion, combining LiDAR, radar, ultrasonic sensors, and computer vision cameras. Simultaneous localization and mapping algorithms estimate spatial trajectories while path planning neural networks optimize real-time navigation. Embedded real-time operating systems guarantee low-latency actuation for industrial robotic arms and autonomous aerial drones."
Technology,"Database management systems have evolved from traditional relational SQL databases to distributed NoSQL, graph databases, and vector stores. Vector databases specialize in high-dimensional nearest neighbor search using hierarchical navigable small world indexing. Query planners optimize index scans, hash joins, and write-ahead logging to guarantee ACID transaction durability."
Technology,"Edge computing brings low-latency data processing and inferencing directly to Internet of Things devices and localized gateways. Reduced bandwidth consumption and enhanced data privacy empower smart grid monitoring, predictive maintenance in factories, and connected autonomous vehicle telemetry. TinyML models run compressed neural networks on ultra-low-power microcontrollers."
Technology,"Open-source software ecosystems rely on collaborative version control, semantic versioning, and permissive licenses like Apache and MIT. Software maintainers review pull requests, triage bug reports, and enforce code formatting standards through automated linter hooks. Package registries distribute modular open-source libraries to millions of developers worldwide."
Technology,"Mobile application engineering requires native compiler toolchains, responsive user interfaces, and asynchronous battery optimization. Engineers build declarative UIs using Swift for iOS and Kotlin for Android, managing local SQLite databases and background synchronization workers. Mobile app distribution involves cryptographic signing, release track staging, and crash analytics monitoring."
Technology,"Blockchain networks utilize distributed peer-to-peer consensus mechanisms such as proof of stake to validate transactions on an immutable ledger. Smart contracts execute self-enforcing decentralized business logic without centralized intermediaries. Cryptographic hash functions, Merkle trees, and elliptic curve digital signatures secure decentralized state transitions."
Technology,"Computer graphics pipelines employ programmable shaders, rasterization, and hardware-accelerated ray tracing to render photorealistic 3D virtual environments. Geometry meshes, diffuse textures, and normal maps are processed through vertex and fragment shading stages. Physics simulation engines calculate real-time rigid body dynamics, fluid interactions, and volumetric lighting."
Business,"Strategic management and corporate governance dictate long-term market competitiveness and stakeholder value creation. Executive leadership teams conduct SWOT analyses, Porter Five Forces assessments, and organizational restructuring to adapt to dynamic global market conditions. Mergers and acquisitions require comprehensive due diligence, brand synergy evaluations, and cultural integration plans."
Business,"Supply chain management emphasizes resilience, vendor diversification, and lean inventory methodologies like Just-In-Time. Procurement officers negotiate supplier contracts, track freight logistics across global shipping corridors, and mitigate geopolitical tariff risks. Enterprise resource planning platforms harmonize warehouse operations, inventory turnover rates, and demand forecasting."
Business,"B2B marketing strategies focus on account-based marketing, enterprise lead qualification, and customer relationship management pipelines. Sales teams align client acquisition funnels with consultative selling methodologies to decrease churn and maximize customer lifetime value. Brand positioning, value proposition messaging, and product differentiation establish competitive moats."
Business,"Human resource management has pivoted toward talent retention, hybrid work policies, and performance management metrics. Corporate organizational culture fosters leadership development, competitive compensation structures, and employee engagement initiatives. Diversity, equity, and inclusion policies bolster innovation, cross-functional collaboration, and overall workplace satisfaction."
Business,"Startup incubation and venture capital financing drive disruptive business model innovation in competitive markets. Founders pitch scalable unit economics, gross margins, recurring revenue streams, and addressable market size to secure seed and Series A equity funding. Product-market fit is validated through iterative customer discovery interviews and rapid prototyping."
Business,"Corporate digital transformation modernizes legacy enterprise workflows through business process automation and digital collaboration tools. Change management frameworks mitigate employee resistance and ensure smooth software adoption across departments. Executives measure return on investment, operational agility, and customer satisfaction benchmarks to evaluate transformation milestones."
Business,"Franchising and global business expansion require adapting brand guidelines to local consumer preferences, legal regulations, and franchise agreements. Master franchisees coordinate local marketing campaigns, supply logistics, and quality assurance audits. Royalties, territory rights, and licensing fees form recurring revenue channels for international corporate brands."
Business,"Customer experience management monitors Net Promoter Scores, customer effort scores, and retention analytics to identify churn drivers. Omnichannel customer support centers deploy conversational workflows and helpdesk ticketing systems to resolve service complaints promptly. Brand loyalty programs reward long-term clients and increase average order values."
Business,"Organizational change management guides corporations through operational restructuring, executive leadership transitions, and strategic pivots. Kotter eight-step change models foster employee alignment and transparent communication. Culture champions facilitate workshops to overcome institutional inertia and sustain morale during enterprise downsizing or mergers."
Business,"International commercial trade agreements dictate cross-border tariffs, customs duties, and import-export quotas. Multinational corporations navigate free trade zones, bilateral commerce treaties, and foreign exchange currency hedging. Trade compliance officers audit harmonized tariff schedules and supply chain provenance documentation to prevent customs penalties."
Business,"Brand management and public relations protect corporate reputation through crisis communications, media relations, and stakeholder press releases. Strategic messaging highlights corporate social responsibility, environmental stewardship, and ethical supply sourcing. Brand equity audits quantify perceived consumer trust, brand recognition, and competitive differentiation."
Business,"Lean manufacturing principles eliminate production waste, improve takt time, and standardize operational workflows across industrial assembly lines. Six Sigma black belts utilize DMAIC roadmaps to identify root causes of manufacturing defects and reduce process variance. Kaizen continuous improvement events engage frontline technicians in ergonomic optimization."
Education,"Pedagogical methodologies in higher education emphasize experiential learning, flipped classroom models, and collaborative problem-solving. University curricula balance theoretical foundational knowledge with hands-on laboratory coursework and undergraduate research opportunities. Academic faculty design instructional rubrics that foster critical thinking, analytical inquiry, and academic integrity."
Education,"K-12 STEM education curricula integrate science, technology, engineering, and mathematics through interdisciplinary project-based assignments. Educators utilize differentiated instruction techniques to accommodate varied student learning paces and sensory preferences. Formative classroom assessments, peer review sessions, and standardized benchmarks track student developmental milestones."
Education,"Online distance learning platforms and Massive Open Online Courses democratize access to continuing education and professional certifications. Instructional designers employ asynchronous video modules, interactive coding sandboxes, and automated discussion board grading. Learner engagement analytics highlight retention bottlenecks and optimize multimedia instructional scaffolding."
Education,"Special education programs implement Individualized Education Plans to support neurodiverse learners and students with disabilities. Assistive learning technologies, speech therapy, and modified exam accommodations ensure accessible classroom environments. Multidisciplinary teams of psychologists, speech pathologists, and teachers collaborate closely with parents."
Education,"Academic research administration oversees institutional grant proposals, peer-reviewed journal publications, and ethical review board clearances. University libraries provide access to scholarly citation databases, open-access repositories, and research data management systems. Doctoral candidates conduct rigorous literature reviews, experimental methodologies, and dissertation defenses."
Education,"Early childhood education focuses on cognitive development, language acquisition, social-emotional learning, and fine motor skills through guided play. Preschool teachers create structured sensory environments that encourage curiosity, creative storytelling, and cooperative socialization. Parent-teacher conferences review developmental screening assessments and behavioral milestones."
Education,"Vocational training and technical apprenticeships equip students with practical trade skills, workplace safety certifications, and industry apprenticeships. Community colleges partner with local manufacturing and healthcare employers to tailor workforce development programs. Hands-on workshop machinery, welding simulators, and nursing clinicals ensure direct career readiness."
Education,"Educational assessment theory distinguishes between formative assessments designed for continuous feedback and summative evaluations evaluating cumulative mastery. Standardized testing psychometrics calibrate item response theory, reliability coefficients, and validity testing. Standardized scoring rubrics reduce grading subjectivity across diverse student cohorts."
Education,"Bilingual education and dual-language immersion programs foster second-language acquisition alongside native language literacy. ESL educators scaffold academic vocabulary, phonics instruction, and conversational fluency for multicultural student populations. Cultural heritage preservation and bilingual pedagogy enrich cognitive flexibility and inter-group empathy."
Education,"Higher education tuition financing involves federal student loan programs, institutional need-based grants, and merit scholarships. Financial aid administrators counsel students on Free Application for Federal Student Aid requirements and income-driven repayment plans. University endowment funds support endowed faculty professorships and student scholarship endowments."
Education,"Holistic university admissions evaluate secondary school transcripts, personal reflective essays, teacher recommendation letters, and extracurricular leadership. Admissions committees look for demonstrated intellectual curiosity, resilience, and unique perspective within diverse applicant pools. Standardized test-optional policies have broadened access for underrepresented student communities."
Education,"Elementary school reading instruction emphasizes phonemic awareness, guided reading groups, and decodable book reading practice. Reading specialists diagnose dyslexia and phonological processing delays through early childhood literacy screening assessments. School libraries cultivate lifelong reading habits through author visits, book fairs, and classroom library curation."
Finance,"Capital markets and investment banking divisions execute initial public offerings, debt issuances, and syndicated credit facilities. Quantitative analysts formulate algorithmic trading strategies using statistical arbitrage, stochastic calculus, and historical price volatility modeling. Risk management teams compute Value at Risk, scenario stress testing, and counterparty credit exposure."
Finance,"Central banks formulate monetary policy by adjusting benchmark interest rates, open market operations, and reserve requirements to control inflation and stimulate economic growth. Commercial banks manage liquidity coverage ratios, net interest margins, and non-performing loan portfolios. Yield curve inversions often signal macroeconomic contractions and recession risks."
Finance,"Personal wealth management and retirement planning advise clients on asset allocation strategies, tax-advantaged accounts, and index fund investing. Financial planners diversify investment portfolios across equities, sovereign bonds, real estate investment trusts, and commodities. Dollar-cost averaging and compound interest underpin disciplined long-term wealth accumulation."
Finance,"Corporate financial accounting follows Generally Accepted Accounting Principles and International Financial Reporting Standards. Corporate controllers prepare balance sheets, income statements, and cash flow statements for regulatory SEC disclosures. Financial analysts evaluate EBITDA, working capital ratios, free cash flow conversion, and return on equity."
Finance,"Derivatives trading encompasses futures contracts, options pricing models like Black-Scholes, and interest rate swaps. Institutional investors use hedging instruments to mitigate currency exchange rate fluctuations and raw commodity price volatility. Margin requirements, clearinghouses, and collateral calls maintain systemic financial stability."
Finance,"Venture capital and private equity firms perform financial modeling, discounted cash flow valuations, and leveraged buyout restructuring. Fund managers assess internal rate of return, multiple on invested capital, and carried interest allocations. Portfolio companies optimize capital expenditures, operational debt service, and strategic exit liquidity."
Finance,"Fintech payment networks facilitate international remittances, real-time gross settlement, and decentralized transaction ledgers. Anti-money laundering monitoring and Know Your Customer compliance protocols detect illicit capital flows and fraud. Payment processors reconcile interchange fees, merchant acquiring chargebacks, and credit card authorizations."
Finance,"Sovereign debt markets issue treasury bills, notes, and inflation-protected securities to finance national budget deficits. Credit rating agencies evaluate sovereign creditworthiness based on debt-to-GDP ratios, fiscal discipline, and institutional governance. Currency markets trade trillions in daily spot and forward foreign exchange contracts."
Finance,"Commercial real estate finance structures debt and equity capital for commercial properties, multifamily housing, and industrial logistics centers. Underwriters evaluate loan-to-value ratios, debt service coverage ratios, and capitalization rates across regional metropolitan markets. Mortgage-backed securities package commercial real estate loans for secondary market investors."
Finance,"Microfinance institutions provide microloans, savings accounts, and financial literacy training to low-income entrepreneurs and rural communities. Community lending circles and peer-guarantee groups maintain high loan repayment rates without collateral. Financial inclusion initiatives empower unbanked populations to launch smallholder enterprises."
Finance,"Sustainable investing and ESG funds allocate institutional capital toward companies meeting high environmental, social, and governance standards. Asset managers issue green bonds to finance renewable energy infrastructure, water conservation, and carbon abatement projects. Regulatory disclosure directives require transparent carbon footprint reporting."
Finance,"Municipal finance allows state and local governments to issue tax-exempt municipal bonds to fund bridges, highway transit, and public schools. Bond rating agencies assess local property tax revenues and municipal creditworthiness. Underwriting syndicates market general obligation and revenue bonds to retail and institutional bond buyers."
Sports,"The FIFA World Cup and UEFA Champions League showcase elite football tactics, high-pressing defensive formations, and counter-attacking transitions. Football managers analyze expected goals metrics, pitch zonal heatmaps, and player passing accuracy percentages. Referees enforce fair play using Video Assistant Referee technology during penalty box reviews and offside calls."
Sports,"Athletic conditioning and sports science optimize muscular hypertrophy, cardiovascular endurance, and anaerobic threshold recovery for professional athletes. Strength and conditioning coaches design periodization training regimens, plyometrics routines, and sleep recovery protocols. Sports dietitians tailor macronutrient intake, electrolyte replenishment, and hydration strategies."
Sports,"The National Basketball Association features dynamic pick-and-roll offenses, perimeter three-point shooting analytics, and rim-protection defensive schemes. Modern basketball teams emphasize spacing, pace and transition play, and defensive switchability across multiple positions. Player tracking cameras record shooting efficiency, rebound box-outs, and defensive court coverage."
Sports,"Tennis Grand Slam championships on clay, grass, and hard courts require specialized footwork, baseline rally stamina, and precision first-serve placement. Elite players utilize topspin forehands, slice backhands, and net volleys to construct winning points against aggressive opponents. Match statistics monitor unforced errors, break point conversions, and service return depths."
Sports,"Olympic track and field events test human sprinting speed, hurdle technique, middle-distance pacing, and marathon endurance. Athletes train starting block reaction times, biomechanical stride frequency, and relay baton handoffs under competitive pressure. Anti-doping agencies conduct biological passport testing to preserve fair play and athletic integrity."
Sports,"Motor racing in Formula One combines high-performance aerodynamic engineering, hybrid power units, and strategic tire compound pit-stop management. Telemetry sensors transmit thousands of data channels per second to track engine temperature, downforce telemetry, and brake wear. Drivers experience intense lateral G-forces navigating high-speed chicanes and overtaking zones."
Sports,"Baseball analytics, popularized by sabermetrics, evaluate player value through on-base plus slugging, wins above replacement, and pitch spin rates. Pitchers employ arsenals of four-seam fastballs, sweeping sliders, and changeups to induce swings and misses. Infield shift defense alignments and pitch clocks have accelerated game tempo and spectator engagement."
Sports,"Combat sports including mixed martial arts and championship boxing require disciplined weight cutting, striking combinations, and grappling takedowns. Fighters master Brazilian Jiu-Jitsu submissions, Muay Thai clinches, and defensive head movement inside the octagon. Ringside judges score rounds based on effective striking, aggression, and octagon control."
Sports,"Cricket Test match and Twenty20 tournament competitions feature tactical spin bowling, pace yorkers, and aggressive powerplay batting strategies. Wicketkeepers coordinate fielding placements while captains study pitch deterioration and ball reverse-swing behavior. Video ball-tracking technology and UltraEdge audio sensors assist umpires during dismissal appeals."
Sports,"Winter Olympic sports like alpine skiing, snowboarding halfpipe, and figure skating demand acrobatic balance, edge control, and extreme velocity. Figure skaters choreograph triple axels, quad jumps, and graceful step sequences judged on artistic interpretation and technical execution. Slalom racers carve icy downhill courses against electronic finish timers."
Sports,"Competitive swimming championships feature freestyle sprints, butterfly power, breaststroke timing, and backstroke underwater dolphin kicks. Swimmers train lactate threshold tolerance, flip-turn velocity, and streamlined dive starts to shave tenths of a second. High-performance racing swimsuits and hydrodynamic stroke analysis optimize pool speed."
Sports,"Sports psychology and mental conditioning train athletes in visualization techniques, pressure resilience, and pre-competition focus routines. Mental performance coaches help competitors regulate arousal states, recover from game mistakes, and build locker room cohesion. Mindfulness practices cultivate flow state during high-stakes championship finals."
News,"International diplomatic negotiations convene at the United Nations General Assembly to address global climate change targets and geopolitical security treaties. Foreign ministers draft multilateral accords, negotiate ceasefires in conflict zones, and coordinate humanitarian aid convoys for displaced refugees. Sovereign embassies maintain bilateral diplomatic channels amidst rising trade tensions."
News,"Investigative journalism uncovers public sector corruption, financial embezzlement, and transparency violations through public records requests and whistleblower testimonies. Press freedom advocates champion editorial independence and protection of journalistic sources against government censorship. Investigative newsrooms verify satellite imagery, digital footprints, and confidential leaked documents."
News,"Severe meteorological weather events including Category 5 hurricanes, flash floods, and prolonged heatwaves prompt emergency evacuation orders from civil defense agencies. Meteorologists track atmospheric pressure troughs, oceanic surface temperatures, and Doppler radar projections to issue tornado warnings. Disaster relief agencies deploy temporary shelters and clean drinking water."
News,"National parliamentary and presidential elections mobilize millions of citizens to cast ballots across polling precincts. Election monitoring commissions verify voter registration rolls, voting machine audit logs, and ballot box chain of custody. Political correspondents report on exit poll projections, parliamentary seat swings, and coalition government negotiations."
News,"Public health authorities issue epidemiological bulletins regarding seasonal influenza vaccination drives and emerging viral transmission patterns. Epidemiologists track community positivity rates, genomic sequencing of pathogen variants, and hospital intensive care capacity. Health ministers advise preventive hygiene measures and targeted immunization campaigns."
News,"Urban infrastructure modernization initiatives allocate municipal funds to repair transit systems, bridges, municipal water mains, and public parks. City councils conduct public town hall hearings regarding zoning ordinances, affordable housing developments, and sustainable urban mobility. Civil engineers survey transit expansion lines to alleviate downtown traffic congestion."
News,"Space exploration agencies and private aerospace contractors successfully launch lunar orbiters and deep-space scientific observation probes. Mission control engineers monitor rocket booster staging, solar array deployments, and gravitational assist trajectory burns. Astronomers analyze spectral data from orbital telescopes to study distant exoplanets and cosmic origins."
News,"Supreme Court judicial rulings establish landmark legal precedents regarding constitutional privacy rights, statutory interpretation, and administrative agency authority. Legal scholars examine dissenting opinions, constitutional originalism, and legislative intent in high-profile appellate appeals. District courts issue preliminary injunctions during federal statutory lawsuits."
News,"Humanitarian aid agencies dispatch emergency food rations, field hospitals, and water purification units to zones recovering from catastrophic earthquakes. International search and rescue teams deploy canine units and seismic acoustic detectors to locate survivors trapped beneath collapsed masonry. Aid coordinators appeal for emergency funding from international donors."
News,"Global environmental summits produce multilateral treaties mandating reductions in industrial methane emissions and deforestation rates. Environmental delegations debate loss-and-damage climate finance funds for island nations facing rising sea levels. Climate scientists present peer-reviewed reports on polar ice sheet melting and carbon budget projections."
News,"Civil aviation safety boards launch investigative inquiries into commercial airline maintenance irregularities and avionics flight controller alerts. Air traffic controllers, flight data recorder technicians, and aerospace engineers analyze telemetry to issue worldwide airworthiness directives. Regulatory aviation agencies mandate fleet-wide safety inspections."
News,"Municipal public transit workers conduct nationwide collective bargaining strikes over cost-of-living salary adjustments and pension guarantees. Commuters face widespread subway delays, rerouted city bus services, and highway congestion during peak rush hours. City government mediators convene emergency conciliation hearings with labor union representatives."
